Type,Publish,Authority ID,Source,Rules,ORIGINAL,Prefix,Family Name,Dates,Qualifier
famname,TRUE,,lcnaf,,Allmendinger family.,,Allmendinger,,Family
famname,TRUE,,lcnaf,,Arnold family.,,Arnold,,Family
famname,TRUE,,lcnaf,,Bach family.,,Bach,,Family
famname,TRUE,,lcnaf,,Bingham family.,,Bingham,,Family
famname,TRUE,,lcnaf,,Bird family.,,Bird,,Family
famname,TRUE,,lcnaf,,Birney Family,,Birney,,Family
famname,TRUE,,lcnaf,,Blair family.,,Blair,,Family
famname,TRUE,,lcnaf,,Blanchard family.,,Blanchard,,Family
famname,TRUE,,lcnaf,,Blodgett family.,,Blodgett,,Family
famname,TRUE,,lcnaf,,Borman family.,,Borman,,Family
famname,TRUE,,lcnaf,,Boyd family.,,Boyd,,Family
famname,TRUE,,lcnaf,,Brecken family.,,Brecken,,Family
famname,TRUE,,lcnaf,,Brown family.,,Brown,,Family
famname,TRUE,,lcnaf,,Buckbee Family,,Buckbee,,Family
famname,TRUE,,lcnaf,,Buck family.,,Buck,,Family
famname,TRUE,,lcnaf,,Buell family.,,Buell,,Family
famname,TRUE,,lcnaf,,Burrows family,,Burrows,,Family
famname,TRUE,,lcnaf,,Campbell family.,,Campbell,,Family
famname,TRUE,,lcnaf,,Carlisle family.,,Carlisle,,Family
famname,TRUE,,lcnaf,,Carr family.,,Carr,,Family
famname,TRUE,,lcnaf,,Cavanagh Family,,Cavanagh,,Family
famname,TRUE,,lcnaf,,Chapin family,,Chapin,,Family
famname,TRUE,,lcnaf,,Chipman family,,Chipman,,Family
famname,TRUE,,lcnaf,,Clarke family.,,Clarke,,Family
famname,TRUE,,lcnaf,,Clippert family.,,Clippert,,Family
famname,TRUE,,lcnaf,,Conant family.,,Conant,,Family
famname,TRUE,,lcnaf,,Crawford family.,,Crawford,,Family
famname,TRUE,,lcnaf,,Dalgleish family.,,Dalgleish,,Family
famname,TRUE,,lcnaf,,Den Bleyker family.,,Den Bleyker,,Family
famname,TRUE,,lcnaf,,Denison family,,Denison,,Family
famname,TRUE,,lcnaf,,Douglass family.,,Douglass,,Family
famname,TRUE,,lcnaf,,Ferry family.,,Ferry,,Family
famname,TRUE,,lcnaf,,Field family.,,Field,,Family
famname,TRUE,,lcnaf,,Fletcher family.,,Fletcher,,Family
famname,TRUE,,lcnaf,,French family,,French,,Family
famname,TRUE,,lcnaf,,Fyfe family.,,Fyfe,,Family
famname,TRUE,,lcnaf,,Geddes family.,,Geddes,,Family
famname,TRUE,,lcnaf,,Gilchrist Family,,Gilchrist,,Family
famname,TRUE,,lcnaf,,Glynn family.,,Glynn,,Family
famname,TRUE,,lcnaf,,Gorman family.,,Gorman,,Family
famname,TRUE,,lcnaf,,Graves family.,,Graves,,Family
famname,TRUE,,lcnaf,,Green family.,,Green,,Family
famname,TRUE,,lcnaf,,Griswold family.,,Griswold,,Family
famname,TRUE,,lcnaf,,Hanna family.,,Hanna,,Family
famname,TRUE,,lcnaf,,Harlow family.,,Harlow,,Family
famname,TRUE,,lcnaf,,Haughey Family,,Haughey,,Family
famname,TRUE,,lcnaf,,Helmecke family.,,Helmecke,,Family
famname,TRUE,,lcnaf,,Hill family.,,Hill,,Family
famname,TRUE,,lcnaf,,Hinsdale family,,Hinsdale,,Family
famname,TRUE,,lcnaf,,Hoffius family.,,Hoffius,,Family
famname,TRUE,,lcnaf,,Holmes family.,,Holmes,,Family
famname,TRUE,,lcnaf,,Hubbell family.,,Hubbell,,Family
famname,TRUE,,lcnaf,,Huhn family.,,Huhn,,Family
famname,TRUE,,lcnaf,,Hull family.,,Hull,,Family
famname,TRUE,,lcnaf,,Hussey family.,,Hussey,,Family
famname,TRUE,,lcnaf,,Hutchins family.,,Hutchins,,Family
famname,TRUE,,lcnaf,,Irwin family.,,Irwin,,Family
famname,TRUE,,lcnaf,,Johnston family.,,Johnston,,Family
famname,TRUE,,lcnaf,,Kahn family.,,Kahn,,Family
famname,TRUE,,lcnaf,,Kennedy family.,,Kennedy,,Family
famname,TRUE,,lcnaf,,Kibler family.,,Kibler,,Family
famname,TRUE,,lcnaf,,Littlefield family.,,Littlefield,,Family
famname,TRUE,,lcnaf,,Ludwig family.,,Ludwig,,Family
famname,TRUE,,lcnaf,,McCreery family.,,McCreery,,Family
famname,TRUE,,lcnaf,,McDonald family.,,McDonald,,Family
famname,TRUE,,lcnaf,,McMahon family.,,McMahon,,Family
famname,TRUE,,lcnaf,,Merriam family.,,Merriam,,Family
famname,TRUE,,lcnaf,,Meyer family.,,Meyer,,Family
famname,TRUE,,lcnaf,,Mitchell-Strong family,,Mitchell-Strong,,Family
famname,TRUE,,lcnaf,,Morgan Family,,Morgan,,Family
famname,TRUE,,lcnaf,,Mullett family.,,Mullett,,Family
famname,TRUE,,lcnaf,,Munger family.,,Munger,,Family
famname,TRUE,,lcnaf,,Netzorg family.,,Netzorg,,Family
famname,TRUE,,lcnaf,,Nisbett family.,,Nisbett,,Family
famname,TRUE,,lcnaf,,Norris family.,,Norris,,Family
famname,TRUE,,lcnaf,,O’Brien Family,,O'Brien,,Family
famname,TRUE,,lcnaf,,Palmer family.,,Palmer,,Family
famname,TRUE,,lcnaf,,"Palmer family (Pontiac, Mich.)",,Palmer,,Family
famname,TRUE,,lcnaf,,Patterson family.,,Patterson,,Family
famname,TRUE,,lcnaf,,Pattengill family.,,Pattengill,,Family
famname,TRUE,,lcnaf,,Pierson family.,,Pierson,,Family
famname,TRUE,,lcnaf,,Pond Family,,Pond,,Family
famname,TRUE,,lcnaf,,Post family.,,Post,,Family
famname,TRUE,,lcnaf,,Powrie family.,,Powrie,,Family
famname,TRUE,,lcnaf,,Preston family.,,Preston,,Family
famname,TRUE,,lcnaf,,Raab family.,,Raab,,Family
famname,TRUE,,lcnaf,,Ransom family.,,Ransom,,Family
famname,TRUE,,lcnaf,,Richardson family.,,Richardson,,Family
famname,TRUE,,lcnaf,,Rinsey family.,,Rinsey,,Family
famname,TRUE,,lcnaf,,Rominger family.,,Rominger,,Family
famname,TRUE,,lcnaf,,Rowe family.,,Rowe,,Family
famname,TRUE,,lcnaf,,Ryder family.,,Ryder,,Family
famname,TRUE,,lcnaf,,Shaw family.,,Shaw,,Family
famname,TRUE,,lcnaf,,Shepard family.,,Shepard,,Family
famname,TRUE,,lcnaf,,Slayton family.,,Slayton,,Family
famname,TRUE,,lcnaf,,Sligh family.,,Sligh,,Family
famname,TRUE,,lcnaf,,Smyser family,,Smyser,,Family
famname,TRUE,,lcnaf,,Spalding family.,,Spalding,,Family
famname,TRUE,,lcnaf,,Squier family.,,Squier,,Family
famname,TRUE,,lcnaf,,Stewart family,,Stewart,,Family
famname,TRUE,,lcnaf,,Stone Family,,Stone,,Family
famname,TRUE,,lcnaf,,Safford family.,,Safford,,Family
famname,TRUE,,lcnaf,,Taylor family.,,Taylor,,Family
famname,TRUE,,lcnaf,,Tinkham family,,Tinkham,,Family
famname,TRUE,,lcnaf,,Todd family.,,Todd,,Family
famname,TRUE,,lcnaf,,Tower Family,,Tower,,Family
famname,TRUE,,lcnaf,,Tuomy family.,,Tuomy,,Family
famname,TRUE,,lcnaf,,Twichell family.,,Twichell,,Family
famname,TRUE,,lcnaf,,Upjohn family.,,Upjohn,,Family
famname,TRUE,,lcnaf,,Vandenberg family.,,Vandenberg,,Family
famname,TRUE,,lcnaf,,Ward family.,,Ward,,Family
famname,TRUE,,lcnaf,,Woodruff Family Papers,,Woodruff,,Family
famname,TRUE,,lcnaf,,Ferry Family (William Montague Ferry family),,Ferry,,"Family: Ferry, William Montague, 1796-1867"
famname,TRUE,,lcnaf,,Whitehead family,,Whitehead,,Family
famname,TRUE,,lcnaf,,"Whittemore Family (Tawas City, Mich.)",,Wittemore,,"Family: Tawas City, Mich."
famname,TRUE,,lcnaf,,Williams family.,,Williams,,Family
famname,TRUE,,lcnaf,,Winegar family.,,Winegar,,Family
famname,TRUE,,lcnaf,,Wright family.,,Wright,,Family
famname,TRUE,http://id.loc.gov/authorities/names/n83163731,lcnaf,,Sparks family.,,Sparks,,Family
famname,TRUE,,lcnaf,,Sunderland family.,,Sunderland,,Family
famname,TRUE,,lcnaf,,BanÃ©r family.,,Banér,,Family
famname,TRUE,,lcnaf,,Beach family.,,Beach,,Family
famname,TRUE,http://id.loc.gov/authorities/names/n79054541,lcnaf,,Warden family.,,Warden,,Family
famname,TRUE,http://id.loc.gov/authorities/names/n85170646,lcnaf,,North family.,,North,,Family
famname,TRUE,,lcnaf,,Brucker family.,,Brucker,,Family
famname,TRUE,http://id.loc.gov/authorities/names/no2009149232,lcnaf,,Buck family.,,Buck,,Family
famname,TRUE,http://id.loc.gov/authorities/names/no2005098042,lcnaf,,Buell family.,,Buell,,Family
famname,TRUE,http://id.loc.gov/authorities/names/no2010124332,lcnaf,,Cameron family.,,Cameron,,Family
famname,TRUE,,lcnaf,,Carman family.,,Carman,,Family
famname,TRUE,http://id.loc.gov/authorities/names/n82097696,lcnaf,,Stearns family.,,Stearns,,Family
famname,TRUE,http://id.loc.gov/authorities/names/n81093636,lcnaf,,Chase family.,,Chase,,Family
famname,TRUE,http://id.loc.gov/authorities/names/n82063886,lcnaf,,Palmer family.,,Palmer,,Family
famname,TRUE,,lcnaf,,Claybourn family.,,Claybourn,,Family
famname,TRUE,http://id.loc.gov/authorities/names/no2013045666,lcnaf,,Cooley family.,,Cooley,,Family
famname,TRUE,http://id.loc.gov/authorities/names/n81055151,lcnaf,,Copeland family.,,Copeland,,Family
famname,TRUE,http://id.loc.gov/authorities/names/n94073194,lcnaf,,Crapo family.,,Crapo,,Family
famname,TRUE,,lcnaf,,Milliken family.,,Milliken,,Family
famname,TRUE,http://id.loc.gov/authorities/names/n79067259,lcnaf,,Douglas family.,,Douglas,,Family
famname,TRUE,http://id.loc.gov/authorities/names/no2011088302,lcnaf,,Douglas family.,,Douglas,,Family
famname,TRUE,,lcnaf,,Early family.,,Early,,Family
famname,TRUE,,lcnaf,,Ellis family.,,Ellis,,Family
famname,TRUE,,lcnaf,,Merritt family.,,Merritt,,Family
famname,TRUE,http://id.loc.gov/authorities/names/nr89016998,lcnaf,,Fletcher family.,,Fletcher,,Family
famname,TRUE,,lcnaf,,Newton family.,,Newton,,Family
famname,TRUE,,lcnaf,,Strong family.,,Strong,,Family
famname,TRUE,,lcnaf,,Randall family.,,Randall,,Family
famname,TRUE,,lcnaf,,Potter family.,,Potter,,Family
famname,TRUE,http://id.loc.gov/authorities/names/n88657243,lcnaf,,Goddard family.,,Goddard,,Family
famname,TRUE,http://id.loc.gov/authorities/names/n2007012393,lcnaf,,Goodrich family.,,Goodrich,,Family
famname,TRUE,http://id.loc.gov/authorities/names/n79107874,lcnaf,,Gorman family.,,Gorman,,Family
famname,TRUE,http://id.loc.gov/authorities/names/n87862138,lcnaf,,Studley family.,,Studley,,Family
famname,TRUE,http://id.loc.gov/authorities/names/no2014128243,lcnaf,,Green family.,,Green,,Family
famname,TRUE,http://id.loc.gov/authorities/names/n86851070,lcnaf,,Haisley family.,,Haisley,,Family
famname,TRUE,,lcnaf,,Hankinson family.,,Hankinson,,Family
famname,TRUE,http://id.loc.gov/authorities/names/n80126245,lcnaf,,Adams family.,,Adams,,Family
famname,TRUE,http://id.loc.gov/authorities/names/n88657243,lcnaf,,Ware family.,,Ware,,Family
famname,TRUE,http://id.loc.gov/authorities/names/n2010060456,lcnaf,,Hill family.,,Hill,,Family
famname,TRUE,,lcnaf,,Waters family.,,Waters,,Family
famname,TRUE,,lcnaf,,Parker family.,,Parker,,Family
famname,TRUE,,lcnaf,,Hohn family.,,Hohn,,Family
famname,TRUE,,lcnaf,,Robertson family.,,Robertson,,Family
famname,TRUE,http://id.loc.gov/authorities/names/no2009014065,lcnaf,,Irwin family.,,Irwin,,Family
famname,TRUE,http://id.loc.gov/authorities/names/no2007152639,lcnaf,,Jickling family.,,Jickling,,Family
famname,TRUE,http://id.loc.gov/authorities/names/n81055151,lcnaf,,Kellogg family.,,Kellogg,,Family
famname,TRUE,http://id.loc.gov/authorities/names/n50052200,lcnaf,,Kellogg family.,,Kellogg,,Family
famname,TRUE,,lcnaf,,Kelly family.,,Kelly,,Family
famname,TRUE,http://id.loc.gov/authorities/names/n84192953,lcnaf,,Stockdale family.,,Stockdale,,Family
famname,TRUE,,lcnaf,,Kevorkian family.,,Kevorkian,,Family
famname,TRUE,,lcnaf,,Smith family.,,Smith,,Family
famname,TRUE,,lcnaf,,White family.,,White,,Family
famname,TRUE,,lcnaf,,Leslie family.,,Leslie,,Family
famname,TRUE,http://id.loc.gov/authorities/names/no2011086515,lcnaf,,Waterman family.,,Waterman,,Family
famname,TRUE,,lcnaf,,Loughray family.,,Loughray,,Family
famname,TRUE,http://id.loc.gov/authorities/names/n79054541,lcnaf,,Newman family.,,Newman,,Family
famname,TRUE,,lcnaf,,Martindale family.,,Martindale,,Family
famname,TRUE,,lcnaf,,Slatford family.,,Slatford,,Family
famname,TRUE,http://id.loc.gov/authorities/names/no2011086693,lcnaf,,Fenton family.,,Fenton,,Family
famname,TRUE,http://id.loc.gov/authorities/names/n83163731,lcnaf,,McDonald family.,,McDonald,,Family
famname,TRUE,http://id.loc.gov/authorities/names/n90688701,lcnaf,,Merriam family.,,Merriam,,Family
famname,TRUE,http://id.loc.gov/authorities/names/no99080842,lcnaf,,Wood family.,,Wood,,Family
famname,TRUE,,lcnaf,,Miller family.,,Miller,,Family
famname,TRUE,http://id.loc.gov/authorities/names/n2004083974,lcnaf,,Monteith family.,,Monteith,,Family
famname,TRUE,http://id.loc.gov/authorities/names/n50068171,lcnaf,,Netzorg family.,,Netzorg,,Family
famname,TRUE,http://id.loc.gov/authorities/names/n87910587,lcnaf,,Nordman family.,,Nordman,,Family
famname,TRUE,http://id.loc.gov/authorities/names/n79043367,lcnaf,,Whittelsey family.,,Whittelsey,,Family
famname,TRUE,http://id.loc.gov/authorities/names/n94090783,lcnaf,,Moody family.,,Moody,,Family
famname,TRUE,,lcnaf,,O'Brien family.,,O'Brien,,Family
famname,TRUE,http://id.loc.gov/authorities/names/n82098946,lcnaf,,Olson family.,,Olson,,Family
famname,TRUE,http://id.loc.gov/authorities/names/n50069813,lcnaf,,Pattengill family.,,Pattengill,,Family
famname,TRUE,,lcnaf,,Woodward family.,,Woodward,,Family
famname,TRUE,,lcnaf,,Pearson family.,,Pearson,,Family
famname,TRUE,http://id.loc.gov/authorities/names/n80004216,lcnaf,,Plummer family.,,Plummer,,Family
famname,TRUE,,lcnaf,,Poole family.,,Poole,,Family
famname,TRUE,http://id.loc.gov/authorities/names/n50040225,lcnaf,,Post family.,,Post,,Family
famname,TRUE,,lcnaf,,Zimmerman family.,,Zimmerman,,Family
famname,TRUE,,lcnaf,,Radulovich family.,,Radulovich,,Family
famname,TRUE,,lcnaf,,Roosevelt family.,,Roosevelt,,Family
famname,TRUE,http://id.loc.gov/authorities/names/n2003008945,lcnaf,,Schuler family.,,Schuler,,Family
famname,TRUE,,lcnaf,,Scripps family.,,Scripps,,Family
famname,TRUE,,lcnaf,,Shartel family.,,Shartel,,Family
famname,TRUE,,lcnaf,,Van Valin family.,,Van Valin,,Family
famname,TRUE,,lcnaf,,Showers family.,,Showers,,Family
famname,TRUE,http://id.loc.gov/authorities/names/n85137476,lcnaf,,Slayton family.,,Slayton,,Family
famname,TRUE,http://id.loc.gov/authorities/names/n85129645,lcnaf,,Spalding family.,,Spalding,,Family
famname,TRUE,http://id.loc.gov/authorities/names/n83163731,lcnaf,,Staebler family.,,Staebler,,Family
famname,TRUE,http://id.loc.gov/authorities/names/n81074669,lcnaf,,Starr family.,,Starr,,Family
famname,TRUE,,lcnaf,,Van Aken family.,,Van Aken,,Family
famname,TRUE,http://id.loc.gov/authorities/names/n85250563,lcnaf,,McCalmont family.,,McCalmont,,Family
famname,TRUE,http://id.loc.gov/authorities/names/n80020716,lcnaf,,Sundwall family.,,Sundwall,,Family
famname,TRUE,,lcnaf,,Tanner family.,,Tanner,,Family
famname,TRUE,,lcnaf,,Schleicher family.,,Schleicher,,Family
famname,TRUE,http://id.loc.gov/authorities/names/n82020424,lcnaf,,Thomas family.,,Thomas,,Family
famname,TRUE,http://id.loc.gov/authorities/names/n85023871,lcnaf,,Todd family.,,Todd,,Family
famname,TRUE,,lcnaf,,Travis family.,,Travis,,Family
famname,TRUE,,lcnaf,,Van Zoeren family.,,Van Zoeren,,Family
famname,TRUE,http://id.loc.gov/authorities/names/n78087581,lcnaf,,Vivian family.,,Vivian,,Family
famname,TRUE,http://id.loc.gov/authorities/names/n79043367,lcnaf,,Ward family.,,Ward,,Family
famname,TRUE,,lcnaf,,Woodruff family.,,Woodruff,,Family
famname,TRUE,,lcnaf,,Weil family.,,Weil,,Family
famname,TRUE,http://id.loc.gov/authorities/names/no98121869,lcnaf,,Wells family.,,Wells,,Family
famname,TRUE,http://id.loc.gov/authorities/names/n79129619,lcnaf,,Wenley family.,,Wenley,,Family
famname,TRUE,http://id.loc.gov/authorities/names/n79021846,lcnaf,,Whitmore family.,,Whitmore,,Family
famname,TRUE,http://id.loc.gov/authorities/names/nr89016998,lcnaf,,Whitmore family.,,Whitmore,,Family
famname,TRUE,http://id.loc.gov/authorities/names/n79081473,lcnaf,,Winchell family.,,Winchell,,Family
famname,TRUE,,lcnaf,,Ziegler family.,,Ziegler,,Family
